Pregnancies,Glucose,BloodPressure,SkinThickness,Insulin,BMI,DiabetesPedigreeFunction,Age,Outcome
2,114,69,6,140,39.2,0.161,81,0
4,111,98,29,67,29.0,0.878,40,1
4,127,83,23,300,31.3,0.124,69,0
1,106,46,36,37,28.9,0.21,76,1
4,124,6,24,48,28.6,0.215,48,0
5,167,110,23,61,34.9,0.147,42,0
4,93,108,24,31,30.7,1.133,25,0
3,134,14,32,59,29.2,0.194,43,0
4,127,59,5,207,26.6,0.147,81,1
4,146,42,33,111,44.5,0.145,37,0
4,124,73,20,18,44.1,0.65,81,0
4,89,68,0,121,38.8,0.222,52,1
0,154,73,17,7,22.0,0.262,52,1
2,117,78,0,15,28.1,0.484,47,0
3,109,88,1,41,23.6,0.971,46,1
5,128,31,0,81,40.2,0.106,81,1
3,107,26,1,13,43.1,0.155,52,0
3,126,62,14,71,39.0,0.147,43,0
2,159,77,6,69,37.1,0.563,40,0
2,121,79,32,225,36.1,0.432,55,1
9,137,53,13,32,22.4,0.664,57,0
5,88,96,11,234,42.2,0.079,60,0
2,93,36,13,27,31.9,0.14,53,1
6,114,47,21,153,21.2,0.302,62,1
2,131,90,1,87,34.8,0.437,74,1
4,139,86,36,81,31.3,0.512,41,0
2,96,74,35,42,19.9,0.403,58,0
2,102,94,1,9,35.3,0.243,81,0
2,162,87,14,48,24.6,0.087,36,1
4,94,57,26,50,29.6,0.189,40,0
6,122,77,0,73,37.8,0.118,46,1
4,147,71,0,5,20.6,0.998,55,0
2,144,49,33,53,28.8,1.178,45,0
0,100,61,13,175,36.3,0.388,41,0
1,129,76,16,158,41.2,0.977,59,0
1,85,48,14,47,23.8,0.383,45,0
3,159,48,36,59,28.3,0.296,35,0
5,155,85,0,174,26.4,0.585,62,0
7,98,70,12,464,37.9,0.213,44,0
2,96,60,8,23,36.8,1.138,56,0
1,157,48,0,65,53.3,0.328,50,1
2,103,48,0,68,25.9,0.697,49,0
3,114,87,5,64,25.4,0.537,63,0
3,111,82,23,25,39.1,0.494,54,1
2,167,57,48,117,31.4,0.389,47,1
3,118,63,28,72,28.9,0.177,60,0
2,110,53,21,64,30.8,0.238,51,0
6,129,53,21,10,40.4,0.276,37,1
7,185,42,19,123,33.9,0.284,50,1
4,136,70,29,38,26.2,0.197,51,1
5,155,65,25,82,29.4,0.362,35,1
2,115,70,29,45,50.8,0.344,50,1
3,125,53,13,1,43.3,0.177,47,0
5,92,80,18,158,38.8,0.152,47,1
5,158,88,12,63,37.7,1.017,62,0
4,97,27,16,11,27.7,0.38,61,1
5,166,58,41,49,34.2,0.085,81,0
1,125,49,11,18,26.3,0.305,53,0
1,158,62,52,188,21.2,0.289,68,1
6,107,42,50,51,33.0,0.312,46,0
2,99,81,29,17,34.1,0.17,76,1
5,109,67,28,144,23.5,1.093,50,1
1,160,67,32,87,31.0,0.139,38,0
3,86,81,33,22,24.7,0.846,71,1
3,121,85,0,77,32.6,0.143,45,1
2,146,63,7,17,37.9,0.09,32,0
4,137,81,0,119,24.6,0.116,78,0
1,115,75,22,45,27.2,1.27,41,1
1,111,62,29,133,29.5,0.239,67,0
2,171,68,24,8,33.4,0.335,65,1
2,83,51,40,28,34.1,0.325,51,0
3,144,57,34,50,24.1,0.657,45,0
2,45,94,17,175,34.0,0.166,67,0
9,119,102,11,9,37.5,0.27,34,1
4,112,72,15,509,17.6,0.914,58,0
4,115,65,55,2,52.4,0.498,55,1
1,141,53,27,17,47.2,0.176,25,1
4,102,102,18,59,24.9,0.503,71,0
2,110,44,32,64,25.2,0.714,57,0
0,167,22,4,54,35.2,0.248,42,0
3,148,66,28,12,44.5,0.294,38,0
3,145,107,20,95,20.9,0.495,73,1
4,115,74,27,112,37.6,0.211,46,1
1,167,84,29,89,42.7,0.209,45,1
3,199,93,0,192,45.6,0.501,48,0
4,116,57,13,39,44.1,0.701,58,0
5,101,45,29,39,32.6,0.361,34,0
2,120,75,22,25,35.6,0.224,49,1
3,153,83,0,132,33.4,0.513,46,1
4,115,75,23,10,29.3,0.197,50,0
5,73,114,29,211,36.9,0.098,33,0
7,128,47,34,236,29.4,0.415,69,1
4,116,63,26,60,40.4,0.079,49,0
5,147,56,0,46,31.2,0.443,65,1
4,132,83,1,46,37.4,0.257,30,0
6,84,75,0,137,26.4,0.352,81,0
3,134,71,41,266,38.9,0.197,40,1
6,87,76,23,17,25.2,0.442,34,0
3,91,68,9,128,21.7,0.734,42,0
6,139,58,15,144,24.2,0.247,52,0
2,145,63,16,41,46.1,0.347,53,1
5,70,81,30,43,47.6,1.668,52,0
3,139,75,28,1,36.6,0.35,49,0
2,105,79,14,25,24.6,0.152,48,0
6,98,79,39,62,11.8,0.365,48,0
5,138,54,18,64,30.9,0.192,49,0
1,167,62,9,101,28.3,0.092,38,0
1,177,59,43,130,35.0,0.178,40,0
4,166,75,0,36,6.1,0.085,58,0
1,85,78,2,27,46.5,0.118,81,1
1,72,87,46,19,36.9,0.244,38,0
5,59,100,22,46,43.3,0.243,37,1
3,161,81,16,14,21.4,0.565,29,0
3,64,61,4,83,27.8,0.089,65,0
4,112,54,14,8,33.6,0.17,32,0
5,108,70,15,87,32.3,0.119,68,0
3,104,61,18,8,29.9,0.156,65,0
1,140,36,0,131,36.8,0.555,38,1
7,79,89,18,147,26.0,0.298,62,0
2,141,68,0,75,33.0,0.374,36,0
0,140,62,21,278,39.0,0.61,28,0
8,113,41,19,35,28.0,0.129,54,1
2,86,75,11,46,31.1,0.165,32,0
0,107,95,0,19,26.0,0.325,41,1
5,126,96,26,68,21.1,0.199,65,0
2,74,85,11,45,48.8,0.179,39,0
4,44,53,26,315,42.9,1.087,46,0
1,125,72,33,70,25.9,0.176,35,0
4,126,72,47,1,16.3,0.927,38,0
1,79,67,9,17,41.2,0.527,67,0
0,116,85,0,92,48.9,0.214,46,0
3,136,55,20,151,45.9,0.083,37,0
2,89,116,17,74,36.8,0.151,68,0
2,143,101,6,271,29.8,0.385,43,0
1,135,45,15,153,29.3,0.972,59,1
4,167,90,25,113,42.9,0.351,39,0
6,93,68,4,92,36.3,0.583,31,0
5,176,97,26,36,49.2,0.305,45,0
3,77,48,31,2,28.7,0.52,34,0
3,87,52,14,64,39.3,0.099,63,0
1,114,82,36,93,47.7,0.409,29,0
4,133,122,14,163,27.8,0.213,53,1
1,114,63,6,73,37.3,0.719,81,0
4,123,70,24,46,30.4,0.082,41,0
2,127,73,11,8,15.2,0.131,80,0
1,180,56,0,46,39.3,0.829,67,1
1,94,83,27,285,33.3,0.146,39,0
4,62,75,28,68,35.9,0.444,60,0
3,125,96,18,114,38.5,1.157,44,1
2,185,82,29,223,22.4,0.42,47,0
5,112,31,12,22,34.2,0.293,66,1
2,142,94,34,24,31.7,0.272,81,1
2,108,81,29,112,26.3,0.762,56,0
5,144,68,14,3,34.8,0.086,50,0
3,132,42,8,32,40.4,0.966,39,0
4,115,76,14,129,17.0,0.451,50,0
4,140,64,34,138,24.8,0.801,59,0
1,146,54,6,16,28.2,0.501,38,1
1,91,59,5,0,32.0,0.289,38,0
4,100,80,29,256,39.7,0.531,56,0
3,163,57,17,56,39.4,0.652,33,0
3,86,83,3,56,49.0,0.08,54,0
3,124,82,12,88,41.9,0.228,34,0
4,84,87,19,120,28.0,0.692,38,0
1,160,51,27,35,35.2,0.569,35,1
7,101,45,42,62,29.7,0.434,39,0
1,92,89,37,122,29.4,0.879,35,0
4,133,33,33,37,33.1,0.121,59,1
2,150,71,19,66,26.3,2.104,59,0
1,103,86,4,33,44.5,0.602,45,0
1,122,35,18,226,29.0,0.906,60,0
4,151,43,0,4,39.2,1.202,62,0
4,106,79,25,106,24.5,0.11,65,0
3,138,50,38,58,33.7,0.301,39,0
3,173,87,29,83,29.3,0.161,53,0
4,87,69,22,20,36.9,0.44,44,0
7,122,81,8,249,37.0,0.412,71,1
3,107,69,47,52,37.7,0.157,65,1
2,110,83,36,99,26.1,2.392,42,0
1,135,16,0,8,20.5,0.112,57,0
3,85,79,35,28,31.8,0.421,50,0
1,143,58,29,189,35.8,0.205,41,0
7,86,86,21,1,39.4,0.585,36,0
2,82,60,22,35,38.9,0.203,51,0
4,127,39,18,18,32.2,0.231,47,0
3,111,86,35,32,22.4,0.359,46,0
8,141,83,16,78,39.9,0.285,43,1
2,100,76,23,158,24.5,0.275,47,0
2,98,79,24,61,36.9,0.322,56,0
7,130,75,4,190,22.1,0.158,48,1
3,102,56,55,98,37.6,0.992,61,0
4,134,67,18,222,31.7,0.207,49,0
4,103,81,26,14,28.7,0.262,46,0
7,128,74,13,165,46.1,0.192,36,1
3,77,101,41,111,18.6,0.643,65,0
4,184,36,13,230,26.7,0.57,67,1
5,171,48,26,3,26.9,0.156,65,0
4,126,62,16,8,40.2,0.258,81,1
3,159,76,6,1,27.1,0.505,72,0
0,114,57,2,0,36.3,0.093,54,1
2,166,64,10,22,37.1,0.156,32,1
3,129,83,18,68,35.2,0.118,42,1
3,121,72,7,42,24.9,0.304,73,1
5,98,65,12,12,39.0,0.397,34,0
4,106,85,27,115,36.4,0.85,57,0
4,166,54,38,12,42.3,0.985,60,1
5,145,44,0,346,43.1,1.14,61,0
4,137,89,35,30,41.5,0.108,48,1
2,105,25,33,4,28.0,0.361,64,0
2,138,73,20,16,29.2,0.281,34,0
4,126,63,33,3,41.1,0.609,36,1
3,146,61,14,21,30.3,1.415,37,0
6,137,96,38,88,40.3,0.746,63,1
5,104,76,13,36,26.8,0.478,51,0
3,97,64,0,1,33.1,0.47,76,0
4,85,53,0,33,52.7,0.278,52,1
4,126,69,57,33,29.1,0.136,31,1
3,44,56,0,25,39.9,1.39,56,0
2,130,77,0,108,21.6,0.119,62,0
3,113,112,18,12,26.7,0.263,42,0
4,104,49,32,64,30.2,2.206,46,0
5,149,82,25,2,23.9,0.132,81,0
5,131,71,24,50,44.4,0.378,38,0
6,107,73,35,118,33.1,1.15,46,1
1,98,65,21,33,40.2,0.213,61,1
6,101,43,24,9,36.6,0.178,47,0
2,127,70,30,65,40.5,0.082,46,1
2,102,87,23,309,29.0,0.089,57,0
5,120,91,3,102,29.0,1.003,41,0
2,117,59,28,50,23.6,0.29,46,1
5,126,61,0,71,32.8,0.183,40,1
1,150,66,36,34,30.5,0.118,72,0
3,99,50,24,40,45.8,0.554,35,0
2,111,102,43,139,26.4,0.62,73,1
3,52,69,22,170,34.3,1.221,43,0
4,121,72,24,62,46.8,0.177,48,0
5,135,74,6,111,28.7,0.252,81,0
1,164,62,26,143,26.9,0.083,30,0
4,116,66,27,75,32.5,0.11,46,0
5,174,31,26,203,36.7,0.169,79,1
3,146,89,16,71,35.0,0.08,59,0
2,123,89,16,62,28.0,1.978,28,0
3,148,87,7,105,37.6,0.308,70,1
3,146,75,13,77,33.5,0.675,70,0
3,116,90,61,180,27.9,0.3,58,0
5,138,82,29,124,29.2,0.086,49,1
2,137,51,3,62,19.9,0.31,64,0
2,141,76,4,97,29.8,0.381,59,0
4,163,83,28,178,32.8,0.5,50,0
3,102,58,37,44,34.8,0.489,39,1
6,61,34,26,33,32.3,0.457,42,0
2,85,77,33,146,34.5,0.146,43,0
6,145,67,19,8,32.6,0.216,32,0
5,82,43,0,59,32.3,0.269,51,0
5,115,64,4,4,34.5,0.372,56,1
1,161,53,10,99,24.7,1.425,47,1
1,117,62,5,207,25.2,0.134,33,0
1,133,88,46,263,42.9,0.545,35,0
1,100,81,13,37,37.3,0.269,50,0
2,141,69,45,153,26.9,0.624,38,0
2,178,43,17,84,32.4,0.173,34,0
2,116,53,37,20,45.7,0.399,70,0
3,142,35,21,5,26.1,0.297,33,0
6,106,43,31,72,35.7,1.143,60,0
2,117,77,12,34,26.6,0.144,43,1
1,129,59,23,167,31.1,0.865,67,1
3,110,63,25,217,35.3,0.114,45,1
4,121,72,29,67,23.8,0.97,63,0
3,170,47,31,76,28.9,0.293,79,0
1,73,51,27,11,39.4,0.432,33,0
5,122,114,41,33,31.6,0.18,81,0
7,82,73,35,132,39.0,1.193,59,1
2,109,63,15,55,45.8,1.25,47,0
1,160,73,0,30,25.1,0.187,49,1
3,129,84,19,61,39.3,0.747,38,1
3,130,54,6,56,36.2,0.241,55,0
5,86,62,7,50,36.2,0.968,54,0
5,114,84,15,50,19.4,0.134,69,0
1,116,62,16,65,34.6,0.611,64,0
3,118,75,15,232,17.4,0.153,48,0
2,131,57,50,166,35.0,0.249,81,0
8,154,58,15,62,15.3,0.694,45,0
3,99,103,33,4,28.1,0.106,69,0
3,105,48,12,165,14.3,0.205,40,1
6,145,67,41,82,37.9,1.001,81,1
5,121,48,40,11,37.7,0.509,46,1
3,137,69,10,168,30.3,0.264,54,0
6,97,84,37,59,47.9,0.099,81,0
1,138,102,16,21,23.5,0.173,38,0
0,76,67,33,129,31.4,0.082,51,0
1,183,32,35,25,53.5,0.397,69,0
4,70,105,25,142,33.8,0.61,36,1
3,121,66,45,77,54.1,0.195,38,0
5,132,71,0,32,28.1,0.11,53,0
4,161,63,6,30,40.7,0.383,41,0
4,108,66,15,25,37.8,0.957,74,0
1,132,72,0,13,27.7,0.218,50,1
3,174,44,4,22,24.3,0.868,46,1
3,112,88,13,35,28.6,0.119,65,0
2,123,52,31,26,43.8,0.748,43,0
3,133,53,44,44,18.1,0.345,72,1
1,147,44,23,32,47.0,0.402,51,1
2,131,95,21,142,30.6,0.357,68,1
3,98,74,22,62,45.1,0.305,40,0
1,120,52,1,15,28.3,0.096,33,0
4,158,60,0,64,35.7,0.138,36,1
6,59,81,40,23,35.4,0.137,66,0
6,97,74,23,104,29.5,0.088,54,1
4,106,47,16,48,32.5,0.411,67,0
4,133,69,26,231,43.8,1.152,35,0
2,193,54,31,7,22.6,0.189,35,1
1,172,73,4,14,32.6,0.079,48,1
2,196,73,50,101,37.4,0.565,33,1
1,108,82,20,21,32.0,0.19,41,1
2,132,48,8,4,33.2,0.465,81,1
3,175,62,42,64,52.2,1.116,74,0
4,98,72,37,193,27.5,0.356,48,1
2,106,108,21,49,20.3,0.321,32,0
2,65,51,20,57,35.6,0.842,36,0
2,177,108,21,0,42.3,0.406,30,0
2,95,65,33,126,30.1,1.353,35,0
5,83,109,38,421,17.3,0.237,56,0
3,123,106,6,3,31.6,1.099,52,1
5,104,47,63,16,32.2,0.553,49,0
4,110,85,28,16,21.4,0.427,47,0
3,128,69,36,142,33.9,0.304,65,0
3,118,75,28,309,29.4,0.458,52,0
1,179,72,39,227,43.6,1.682,49,1
7,134,81,19,19,48.9,0.083,60,1
2,75,44,11,33,33.5,0.428,68,0
1,148,72,14,93,28.3,0.832,35,0
2,122,74,19,23,24.7,0.152,40,0
3,120,96,35,193,51.7,0.708,42,0
2,137,56,30,40,30.2,1.079,44,0
4,155,37,47,22,30.2,0.408,81,0
7,67,82,26,16,37.8,0.904,55,0
5,123,60,39,272,45.7,0.135,78,1
3,91,74,6,12,24.1,0.086,45,1
2,112,104,11,317,24.8,0.378,33,0
3,106,46,21,8,33.6,0.352,46,1
5,144,53,27,134,34.9,0.707,81,1
2,143,74,47,30,34.4,0.428,38,1
7,137,44,0,204,28.5,0.086,58,0
2,120,71,20,211,26.9,0.106,56,0
3,107,54,18,209,35.8,0.253,34,0
4,95,53,26,25,35.5,0.225,71,0
5,83,81,7,5,42.1,1.019,60,1
6,185,61,22,313,23.4,0.616,47,1
3,100,61,15,73,40.4,1.698,81,0
1,128,76,14,20,27.1,0.47,32,0
4,98,49,15,52,46.1,0.201,40,0
3,136,83,30,194,45.2,0.16,34,1
3,97,84,20,7,36.7,0.277,48,0
3,104,91,35,74,30.9,0.099,48,0
3,119,48,0,1,24.7,0.295,56,0
7,128,71,20,40,31.4,0.889,67,0
3,99,70,0,88,31.9,0.998,52,0
5,87,96,9,42,31.9,0.598,65,0
2,74,93,5,108,39.0,0.099,49,1
2,120,75,41,44,20.7,0.135,36,0
1,144,49,21,65,36.6,0.364,59,0
3,145,48,17,39,36.4,0.182,48,0
3,144,63,14,53,23.8,0.281,63,0
4,128,55,25,43,34.2,0.335,44,1
1,98,78,36,22,33.8,0.15,49,0
4,136,91,24,12,21.8,0.559,66,0
2,116,52,26,93,19.0,0.26,51,0
4,69,51,23,17,37.1,0.794,69,0
7,95,87,0,2,42.9,0.789,45,1
4,73,77,0,271,26.6,0.39,42,0
2,166,61,16,14,27.9,0.105,53,1
3,117,71,14,8,41.4,0.444,69,0
4,158,35,25,71,35.1,0.24,44,1
1,126,61,34,42,47.8,0.165,34,0
1,113,66,10,105,36.3,0.325,67,0
6,119,54,29,66,44.9,0.092,42,0
4,181,121,15,67,29.3,0.107,37,0
0,129,121,18,88,34.1,0.166,53,0
1,132,51,1,14,37.6,0.988,70,0
6,115,53,20,117,29.3,0.106,52,1
4,106,117,41,41,31.8,0.488,80,0
5,133,94,0,102,27.9,0.362,38,0
0,75,122,17,61,48.3,0.407,36,0
3,135,73,22,9,32.9,0.568,57,1
4,107,62,21,21,40.3,0.163,54,0
8,157,69,44,41,27.3,0.167,81,1
2,78,96,31,0,26.0,0.784,56,1
3,135,61,17,62,27.9,0.159,57,0
4,92,74,37,7,28.9,0.124,40,0
4,109,91,13,59,31.9,0.407,40,0
4,127,49,14,328,36.0,0.126,81,0
6,89,75,39,193,33.9,0.264,55,1
5,78,38,46,83,27.6,0.092,37,0
1,127,70,31,5,30.5,0.122,56,0
3,115,61,4,44,43.7,0.208,65,1
2,55,91,0,32,34.5,0.342,46,0
3,79,94,35,18,35.2,0.494,47,0
3,139,81,38,154,44.2,0.377,47,0
4,96,83,10,36,29.1,0.334,47,1
4,144,67,42,24,41.7,0.59,37,1
6,164,36,13,117,24.7,0.086,25,1
3,83,73,0,16,37.7,0.099,53,0
3,89,77,21,93,36.3,0.304,38,0
2,160,86,26,29,31.3,0.259,72,1
3,135,83,4,72,25.2,0.248,44,1
3,171,92,35,42,27.8,0.175,45,1
3,138,81,15,174,15.0,0.415,58,0
1,142,68,34,19,31.9,0.323,33,1
3,104,93,28,185,24.6,0.213,37,0
3,144,49,0,7,50.3,0.562,57,0
2,94,44,2,4,47.3,0.313,81,1
2,68,53,25,381,31.0,0.43,69,0
1,99,66,16,41,34.0,0.208,54,0
2,106,66,40,60,33.2,0.352,81,0
2,68,69,21,11,25.3,0.269,43,0
3,101,69,8,224,22.3,0.088,61,0
5,82,65,49,53,39.7,0.099,61,0
5,123,46,9,124,20.1,0.124,49,0
2,145,63,7,82,35.3,0.41,55,0
6,67,44,1,18,25.9,0.355,50,0
4,122,73,40,81,30.5,0.719,54,1
5,93,38,33,23,28.4,0.081,54,0
2,99,69,13,85,41.9,0.132,50,0
2,136,63,0,59,26.7,0.145,52,0
7,150,97,29,5,34.9,0.089,49,1
4,122,61,40,32,33.8,0.344,39,1
2,107,59,14,12,28.8,1.178,47,0
6,175,86,7,29,36.5,0.459,31,0
7,134,73,17,128,49.6,0.612,43,1
8,78,95,22,1,39.7,0.19,56,0
3,125,79,21,19,28.1,0.181,56,0
6,163,79,22,150,25.7,0.561,58,1
1,123,77,11,12,41.8,0.173,49,1
5,133,50,17,27,22.4,0.487,58,1
3,140,62,40,34,42.9,0.899,48,1
1,77,68,27,89,28.3,0.105,34,0
6,174,55,58,305,34.1,0.221,67,1
5,119,56,22,54,24.4,0.886,81,0
3,74,30,15,67,40.7,0.961,53,1
6,159,83,28,247,31.8,0.08,65,1
3,114,79,42,99,48.3,0.091,36,1
3,132,58,20,33,28.8,1.156,63,0
4,44,79,23,129,36.0,0.827,40,0
3,133,56,40,34,37.5,0.81,37,0
3,150,53,25,12,50.7,0.455,67,1
2,152,79,17,26,33.2,0.111,38,0
2,62,90,1,38,49.1,1.111,42,0
3,104,90,24,56,35.9,0.502,36,0
1,129,73,0,28,44.4,0.395,76,0
2,119,71,4,122,33.8,0.29,58,0
2,91,67,10,42,26.5,0.533,49,0
2,174,83,1,235,44.8,0.342,81,1
2,99,56,10,211,20.7,0.358,33,1
2,152,63,15,137,39.8,0.776,48,1
1,128,91,15,416,24.2,0.639,53,0
3,130,44,18,22,29.0,0.161,81,0
3,108,64,31,11,35.4,0.69,52,1
3,185,73,4,36,25.8,0.353,81,0
2,93,46,39,73,47.0,0.097,53,0
4,89,70,0,21,37.1,0.276,75,0
3,148,65,1,109,48.9,0.315,70,0
4,199,92,0,74,18.3,0.092,49,1
1,163,65,29,15,32.9,0.509,46,0
1,114,75,14,12,36.6,0.213,81,0
2,105,74,13,61,41.4,0.366,69,1
3,110,66,18,167,15.2,0.145,81,0
6,133,67,38,8,29.7,0.725,32,0
0,87,83,39,118,32.9,0.656,47,0
3,116,96,30,62,27.2,0.181,39,0
2,137,61,15,243,26.1,0.173,55,0
6,120,62,9,113,30.6,0.193,37,0
2,149,54,21,8,40.3,0.624,63,0
3,81,61,39,388,22.6,0.836,57,1
5,100,53,3,64,20.4,0.162,41,0
1,96,70,22,204,21.1,0.173,43,0
4,145,70,34,43,25.3,0.479,49,0
1,81,59,26,4,32.9,0.12,68,1
5,129,60,36,236,30.6,0.969,27,0
5,142,107,16,23,24.7,1.488,57,1
2,140,79,59,27,34.1,0.755,55,0
8,116,73,10,196,22.3,0.489,48,1
5,111,98,20,254,29.1,0.082,78,1
3,139,48,32,118,28.2,0.109,64,1
1,118,67,23,149,34.1,0.112,30,1
3,111,91,10,86,24.5,0.29,39,0
4,74,78,25,60,39.5,0.379,33,0
2,58,79,42,20,33.7,0.336,76,0
2,113,71,20,25,20.7,0.252,58,0
5,110,71,14,183,37.9,0.47,51,0
6,140,98,33,107,40.9,0.279,50,1
1,157,105,52,40,30.9,0.99,46,1
3,130,63,15,13,29.7,0.134,45,0
3,133,64,13,13,28.2,0.119,81,1
3,131,48,32,26,26.2,0.092,71,1
4,173,66,57,9,24.8,0.217,63,1
3,141,54,7,32,31.1,0.118,63,0
3,130,69,30,4,23.1,0.142,66,0
1,121,86,9,240,25.7,0.103,64,1
3,144,61,9,241,30.1,0.72,79,1
9,87,74,47,40,36.0,0.195,60,0
4,106,57,7,41,38.6,0.248,54,0
1,90,81,0,27,40.6,0.137,72,0
4,96,77,42,10,39.4,1.136,33,1
1,172,56,30,132,37.9,1.071,42,0
4,157,46,18,21,49.7,0.154,34,1
1,162,74,26,227,37.2,0.144,46,1
6,131,39,27,50,36.6,1.197,61,1
4,100,70,56,36,31.1,0.139,49,1
1,104,78,14,57,25.0,0.448,33,0
2,71,25,3,119,26.7,0.761,36,0
4,50,67,22,71,29.8,0.083,36,1
2,129,75,6,20,32.4,0.175,45,0
3,99,77,14,194,36.8,0.127,54,0
3,106,52,9,66,28.7,0.091,53,0
3,161,75,10,13,34.8,0.412,41,1
2,141,76,23,110,29.7,0.095,55,0
6,133,77,16,2,28.1,0.229,36,0
6,84,64,35,35,44.7,0.836,37,1
5,132,84,0,42,17.8,0.605,81,1
2,94,87,24,1,24.6,0.397,81,0
0,92,105,10,29,13.9,0.564,45,1
3,80,73,25,191,31.8,0.656,29,0
1,108,74,7,74,39.4,0.158,39,1
2,181,67,5,22,29.5,0.208,36,1
3,66,95,27,8,34.9,0.685,63,1
3,107,59,17,102,30.5,0.731,36,1
1,103,70,23,41,34.8,0.898,52,0
1,149,88,33,12,37.0,0.237,44,1
4,106,77,17,241,46.8,0.299,43,1
3,126,73,13,14,20.6,0.343,63,1
1,114,72,23,140,19.0,0.611,32,0
3,82,74,35,85,27.3,0.238,54,0
4,115,74,17,3,23.1,0.418,59,0
1,94,90,28,33,25.7,0.101,39,1
3,129,82,4,132,29.9,0.095,33,1
2,151,46,28,77,30.4,0.567,33,0
4,98,51,33,10,36.7,0.097,59,0
5,124,87,51,19,28.7,1.609,62,0
3,91,95,43,51,33.7,0.161,59,0
2,110,71,7,5,32.8,0.334,52,1
6,113,58,12,28,33.1,0.241,33,0
4,149,93,40,78,29.5,0.396,72,1
2,158,82,28,3,27.9,0.111,74,1
1,121,76,39,112,16.6,0.597,62,0
3,103,48,0,61,31.8,0.182,59,0
5,124,52,19,135,33.6,0.17,44,1
4,152,43,16,105,26.9,1.041,42,1
2,167,66,23,51,42.1,0.202,44,1
4,80,79,11,2,22.6,0.098,50,1
2,89,57,11,20,43.6,0.163,53,1
2,157,39,14,21,27.1,0.738,48,0
5,137,62,9,79,38.5,0.806,43,1
0,180,61,12,64,33.4,0.718,46,1
4,122,51,9,18,41.1,0.619,34,0
1,101,78,7,5,25.3,0.087,58,0
1,119,92,14,100,37.9,0.666,58,1
1,154,79,37,168,35.4,0.264,41,0
3,94,79,11,147,47.1,1.406,57,1
1,146,51,13,103,33.2,0.247,67,1
4,157,81,24,16,20.1,0.416,39,1
4,141,67,8,10,35.9,1.119,59,0
1,96,68,0,106,42.5,0.475,70,0
3,157,44,20,71,41.2,0.358,46,1
7,111,74,31,23,29.4,0.213,65,1
5,128,55,0,57,24.9,0.443,61,0
3,125,90,22,220,25.2,0.288,64,0
4,170,60,20,10,35.7,0.243,48,1
2,103,41,12,73,29.2,0.308,51,1
4,134,59,37,203,30.9,0.31,63,0
6,133,58,17,33,26.2,0.196,53,0
5,133,57,17,382,14.8,0.187,42,0
1,97,68,48,22,33.0,1.004,27,0
2,84,69,17,24,28.0,0.482,48,0
3,127,67,0,4,26.2,0.293,30,0
2,167,78,57,24,16.1,0.426,42,1
2,117,66,44,54,20.8,0.748,49,0
3,158,41,35,50,28.7,0.089,46,0
2,103,82,25,195,38.3,0.138,44,0
3,135,72,37,27,37.4,0.09,52,0
4,132,63,17,10,31.7,0.477,81,0
3,105,40,35,50,43.8,0.109,68,0
0,103,56,39,58,26.3,0.273,35,0
2,103,45,25,2,33.2,0.755,54,0
3,103,67,17,94,31.5,0.275,39,0
4,86,45,16,196,22.7,0.305,53,0
2,159,92,11,34,34.2,2.42,52,1
4,123,72,16,67,29.8,0.351,57,1
4,137,79,12,189,29.7,0.259,57,0
2,80,59,23,118,35.7,0.885,79,1
4,128,19,23,68,40.7,1.417,42,0
2,98,105,15,10,23.6,0.173,52,0
0,79,93,26,19,28.5,0.39,42,0
4,142,62,53,37,39.4,0.379,73,0
2,126,77,25,76,36.1,0.355,41,0
5,67,98,19,19,27.5,0.483,81,0
4,101,85,30,7,27.1,0.192,39,1
6,93,52,0,283,30.1,0.447,62,1
3,80,63,38,133,31.3,0.165,54,0
2,66,93,23,87,43.2,0.79,72,1
3,79,102,15,103,40.0,0.082,69,0
1,108,80,33,152,42.9,0.52,67,0
6,149,72,19,172,24.6,0.225,38,0
3,183,87,7,13,30.4,0.676,67,1
3,148,81,18,22,26.9,0.112,35,0
3,108,105,8,288,28.0,0.254,77,0
4,94,69,22,45,30.5,0.106,73,0
3,97,68,17,12,36.0,0.13,55,0
4,122,62,20,92,39.2,0.332,37,0
1,76,97,2,51,25.5,0.519,36,0
4,44,61,6,26,24.6,0.236,56,0
3,153,77,45,34,34.7,0.132,50,1
5,130,65,55,100,36.9,0.457,81,1
3,97,89,37,27,30.4,0.219,46,0
6,176,86,37,184,26.8,0.354,67,0
5,107,69,44,14,28.8,0.712,67,0
1,106,83,38,127,27.5,0.161,49,0
4,157,63,37,21,24.1,0.367,32,0
3,64,69,1,265,41.1,0.316,57,0
3,167,97,22,2,42.5,0.595,47,1
2,134,81,17,17,36.2,0.292,40,0
3,49,46,31,3,28.8,0.453,52,0
8,110,65,28,138,34.2,0.724,50,1
0,92,57,22,33,30.4,0.483,26,0
3,157,77,61,44,35.1,0.286,43,0
4,119,53,38,23,39.9,0.969,58,1
6,143,59,13,32,33.1,0.421,55,1
1,146,88,22,201,15.1,0.71,37,1
4,138,40,38,99,32.0,0.12,48,0
6,86,92,18,37,39.1,0.33,52,0
3,108,63,42,2,30.1,0.329,46,0
4,120,79,29,9,35.4,0.7,32,0
3,128,77,29,37,17.5,0.287,41,0
6,120,46,23,27,27.3,1.284,37,0
8,133,82,34,84,24.0,0.1,81,0
9,70,54,6,73,29.4,0.979,79,0
1,111,73,12,14,29.6,0.998,43,0
3,61,17,9,55,32.9,0.626,44,0
6,158,90,44,122,42.1,0.142,45,1
4,106,71,16,4,33.0,0.703,42,0
0,173,65,16,34,27.2,0.338,62,1
3,129,84,19,25,26.9,0.346,40,1
4,119,79,14,139,36.5,0.468,45,1
4,152,95,0,52,22.8,0.884,39,0
6,165,70,21,107,38.2,0.162,57,0
2,122,71,7,103,37.3,1.109,57,1
4,57,83,20,146,30.6,0.16,42,1
4,113,83,9,25,39.7,0.545,51,0
6,149,72,36,115,25.8,0.281,41,1
5,114,88,21,110,35.8,1.137,50,0
5,102,51,37,2,34.3,0.128,46,0
2,74,87,17,52,37.3,0.191,55,0
4,119,93,1,88,34.6,0.118,47,0
5,107,46,28,77,28.4,0.132,75,0
3,103,84,9,188,23.8,0.564,34,0
2,114,74,12,22,36.4,0.139,81,0
3,86,85,51,89,39.2,1.414,37,0
2,106,49,30,78,19.8,0.648,53,0
4,143,58,37,56,40.4,0.103,76,1
2,66,42,15,106,38.1,0.333,47,0
3,127,72,3,33,20.0,0.454,27,1
7,122,74,16,89,34.6,1.118,52,1
1,144,78,49,51,33.2,0.633,39,0
6,154,110,21,35,33.4,0.308,68,1
2,94,49,27,21,26.8,0.15,81,0
2,98,55,42,67,44.3,0.281,36,1
3,96,68,0,175,39.0,1.368,32,0
1,116,105,38,17,48.1,0.149,28,1
3,151,45,29,168,28.1,0.12,42,1
3,101,82,22,7,28.0,0.367,45,0
5,157,69,25,367,34.1,0.524,48,1
7,171,80,18,51,28.6,0.678,55,0
3,114,27,39,43,37.7,0.865,53,0
8,113,86,0,153,20.7,0.186,40,0
1,138,64,11,10,26.3,0.137,39,0
2,171,68,14,5,30.6,0.156,32,1
1,103,85,11,146,31.2,0.106,45,0
3,152,64,33,20,35.9,1.143,38,0
2,142,44,6,36,53.8,0.114,36,0
3,127,59,0,144,31.6,1.678,70,1
4,171,91,46,80,26.8,0.279,65,0
3,111,71,5,109,22.1,0.285,53,0
6,168,48,13,354,25.1,0.525,47,0
3,115,122,22,20,24.4,0.287,46,0
3,166,41,0,50,50.8,0.305,33,0
2,124,77,50,2,30.4,0.133,43,1
3,118,64,19,177,22.2,0.579,42,0
2,126,83,22,179,35.7,0.142,78,0
3,85,50,36,112,40.0,0.284,43,0
4,144,71,24,19,30.1,0.107,40,0
4,162,59,19,94,23.3,0.358,36,0
4,133,67,27,57,42.0,2.399,69,0
4,123,91,4,51,29.1,0.133,69,1
5,121,82,26,46,34.3,0.609,71,0
5,69,66,1,1,44.2,1.429,27,1
3,137,42,12,14,15.0,0.083,54,0
2,155,64,41,4,37.6,0.114,53,1
4,146,60,0,105,36.5,0.163,39,0
1,118,16,24,193,24.5,0.693,81,0
5,119,77,21,12,33.4,0.597,50,0
3,127,77,33,135,41.1,0.509,44,1
4,168,64,34,17,35.0,0.774,43,1
3,61,43,55,10,31.9,0.231,41,0
6,90,62,0,29,29.7,0.135,30,1
3,58,44,16,129,37.4,0.351,81,1
5,140,64,35,7,31.1,1.281,41,1
3,106,80,13,16,37.6,0.185,41,1
1,148,41,0,139,20.5,0.457,42,0
4,117,74,7,7,37.6,0.183,42,0
4,121,61,27,154,42.2,0.177,52,0
3,161,52,23,177,43.4,0.096,40,1
2,146,100,29,74,27.4,0.93,41,0
2,103,64,14,30,28.6,0.113,68,0
4,166,95,13,77,38.5,0.481,74,1
4,130,62,30,101,19.7,0.436,54,0
2,128,49,17,12,37.8,0.124,41,0
6,109,86,19,7,32.0,0.14,48,0
4,75,55,14,41,29.0,0.24,69,1
3,90,64,8,67,37.2,0.903,67,0
2,95,89,19,241,29.4,0.664,55,0
3,126,75,14,150,25.2,0.239,29,0
2,158,92,42,90,30.4,1.212,32,0
7,121,49,26,153,43.4,0.706,48,0
6,126,63,19,37,39.7,0.62,42,1
1,58,93,31,185,33.4,0.142,50,0
6,105,56,29,120,25.8,0.124,51,0
5,127,61,39,31,30.5,0.203,78,0
0,94,65,11,76,29.6,0.114,41,1
4,79,79,11,40,17.5,1.059,45,1
3,128,65,10,34,27.7,0.261,58,0
6,137,108,4,235,22.7,0.85,70,0
4,81,60,11,111,38.8,0.307,50,0
3,140,86,9,66,40.3,0.312,37,1
3,109,60,30,193,42.0,0.091,62,0
4,137,86,2,203,24.8,0.224,56,0
0,98,57,10,9,33.7,0.44,33,1
3,148,36,15,9,12.9,0.44,64,1
1,130,81,18,261,28.9,0.169,62,1
4,86,91,33,16,37.2,0.088,81,0
2,152,65,15,32,16.8,0.216,64,1
2,65,37,16,63,20.6,0.611,76,0
2,105,82,14,24,33.8,0.518,37,1
6,192,58,32,320,30.3,0.577,58,0
6,173,62,23,52,17.5,0.513,51,0
2,120,86,14,78,28.1,0.325,31,0
5,138,69,8,170,26.1,0.088,48,0
2,94,81,35,43,30.3,0.155,47,0
2,171,60,28,127,37.9,0.431,53,0
4,95,67,43,339,24.6,0.238,61,0
5,138,86,39,118,36.8,0.163,36,0
1,143,61,6,69,29.7,0.517,43,0
3,120,76,1,116,24.4,0.61,46,0
1,109,72,44,3,37.7,0.241,81,1
1,119,82,28,229,29.6,0.162,52,1
3,131,70,17,85,25.6,0.354,48,0
4,137,71,16,5,21.4,0.092,37,0
8,80,100,0,47,38.9,0.292,58,0
9,128,75,14,73,35.1,1.896,40,0
5,113,71,30,23,35.2,0.543,40,0
9,128,37,5,12,31.0,0.2,37,0
5,147,55,9,90,38.7,0.193,71,1
0,115,109,23,265,26.6,0.512,73,1
5,129,92,47,52,45.1,0.82,52,0
0,110,64,35,100,15.3,0.275,64,0
6,144,75,18,22,35.8,0.181,44,0
5,146,55,8,145,19.5,1.308,73,0
4,122,52,26,372,32.1,0.806,38,1
2,164,49,21,86,30.8,0.602,37,0
2,122,55,22,48,15.9,0.622,56,1
